Amira F. A. Ibrahim, Priti Shah	2026	Math anxiety predicts initial acquisition of new math skills over and above math competence and study strategy	Frontiers in Psychology 17, 1829468	https://doi.org/10.3389/fpsyg.2026.1829468	daily_2026-09-09.txt; daily_2026-09-18.txt
Mehmethan Erduran, Elif Buğra Kuzu Demir, Kadir Demir	2026	Explainable machine learning analysis of academic resilience among disadvantaged students in Türkiye using Programme for International Student Assessment 2022 data	Discover Education 5, Article 825	https://doi.org/10.1007/s44217-026-02089-2	daily_2026-09-03.txt
Guo, K., Zhuo, X., Xu, Y., Feng, H., Wang, Y., Huang, B., Si, J.	2026	The development of children's mathematics achievement in primary school: the early and longitudinal links with perceived teacher support and mathematics anxiety	Journal of Experimental Child Psychology 274, 106664	https://doi.org/10.1016/j.jecp.2026.106664	clinic_weekly_vol02.txt
James Russo, Penelope Kalogeropoulos, Tim Powers, Anne Roche, Peter Sullivan	2026	Preparing for mathematics lessons through small-group tutoring: changes in student attitudes and beliefs about mathematics	Mathematics Education Research Journal	https://doi.org/10.1007/s13394-026-00590-3	daily_2026-09-19.txt
Maria Herset, Annette Hessen Bjerke	2026	Level-marked tasks in lower secondary mathematics: the effect on girls' and boys' self-efficacy and performance	Educational Studies in Mathematics	https://doi.org/10.1007/s10649-026-10507-3	daily_2026-09-17.txt; monthly_report_2026-09.txt
Laura Black, Kate O'Brien, Diane Harris, Tee McCaldin, Maria Pampaka, Shunqi Zhang	2026	Analysing geographical locality in research on gender and students' socio-emotional relationships with school mathematics: a scoping review	Educational Studies in Mathematics	https://doi.org/10.1007/s10649-026-10551-z	daily_2026-09-11.txt; daily_2026-09-14.txt
Pinheiro, Hall, Dubeau 외	2026	Butler의 젠더 수행성 이론을 활용한 수학교육 연구 문헌리뷰 (브리핑 기재 제목 없음)	Mathematics Education Research Journal	https://link.springer.com/article/10.1007/s13394-026-00611-1	daily_2026-09-18.txt
장형석, 조규판	2026	중학생의 수학불안과 수학태도 간의 관계에서 수학학습동기와 수학적 자기효능감의 매개효과	열린교육연구 34(3), 669–686	https://doi.org/10.18230/tjye.2026.34.3.669	daily_2026-09-15.txt; daily_2026-09-17.txt; monthly_report_2026-09.txt
Elke Baten, Sofie Morbée, Annemie Desoete, Nele Flamant, Martin Valcke 외	2026	Motivation counts! The unique contribution of motivation for mathematics to the development of arithmetic fluency in primary school	ZDM – Mathematics Education	https://doi.org/10.1007/s11858-026-01780-w	daily_2026-09-15.txt
김정현	2026	고등학생의 자기주도 학습 시간 및 사교육 참여 시간이 수업 참여도를 매개로 수학 학업성취도 및 흥미도에 미치는 경로 분석	수학교육 논문집 40(2), 245–262	DOI 미기재	daily_2026-09-13.txt
Xiaonan Han, Xin Lin	2026	Examining the Relative Contributions of Foundational Knowledge and Skills, Cognitive Resources, and Affective Factors to Mathematics Writing	International Journal of Science and Mathematics Education 24, Article 100	https://doi.org/10.1007/s10763-026-10724-5	daily_2026-09-10.txt; daily_2026-09-22.txt
Johanna Schoenherr, Oliver Baumann, Pia Gödecke, Jascha Quarder, Maike Schindler, Stanislaw Schukajlow 외	2026	Strategy-based motivation and learner-generated drawing: linking motivation and drawing processes in geometry modelling	ZDM – Mathematics Education	https://doi.org/10.1007/s11858-026-01794-4	daily_2026-09-29.txt
Huayu Gao, Tanya Evans, Gavin T. L. Brown	2026	The relations between motivation and mathematics achievement: a cross-cultural study of Asia-Pacific jurisdictions using TIMSS 2023 data	ZDM – Mathematics Education	https://doi.org/10.1007/s11858-026-01773-9	daily_2026-09-29.txt
Naomi Ingram	2026	Relationships with Mathematics: A Broad Construct for Understanding Mathematical Affect and Identity	New Zealand Journal of Educational Studies	https://doi.org/10.1007/s40841-026-00480-z	daily_2026-09-05.txt; daily_2026-09-19.txt
김선희, 황지현	2026	Development of a scenario-based assessment for meta-affect in mathematics learning	수학교육 65(1), 23–42	https://doi.org/10.63311/mathedu.26.6512	daily_2026-09-06.txt
이규희	2026	수학적 글쓰기에 나타난 고등학생의 인지적·정의적 특성의 통합적 구조 연구: 진로 과목 선택에 따른 차별적 양상을 중심으로	수학교육 65(1), 135–149	https://www.kci.go.kr/kciportal/landing/article.kci?arti_id=ART003314695	daily_2026-09-06.txt
Gregory Hine, Chris Forlin, Thuan Thai, David Pitt, Robbie Knox	2026	Validation of the motivations in mathematics enrolments by students (MIMES) scale	Mathematics Education Research Journal	https://doi.org/10.1007/s13394-026-00616-w	daily_2026-09-16.txt; monthly_report_2026-09.txt
Jenny Dean, Steve Murphy, Laura B. Perry, Philip Roberts 외	2026	A very leaky pipeline: factors moderating participation in senior mathematics of students with high levels of prior mathematics achievement	Mathematics Education Research Journal	https://doi.org/10.1007/s13394-026-00614-y	daily_2026-09-13.txt
Rebecca Burtenshaw, Merrilyn Goos, Margaret Marshman	2026	Teachers of mathematics' responses when directly asked what it means to be successful in mathematics	Mathematics Education Research Journal	https://doi.org/10.1007/s13394-026-00581-4	daily_2026-09-16.txt
Ali Bicer, Tugce Aldemir, Micayla Gooden, Mehmet Akif Colak 외	2026	Examining middle school students' experiences with opportunities for mathematical creativity	Mathematics Education Research Journal	https://doi.org/10.1007/s13394-026-00594-z	daily_2026-09-19.txt
Bianca St-Denis, Meredith Rocchi, Simon Beaudry, Martine Lagacé	2026	데이터 불안 척도 DAS-40 개발과 타당화 (브리핑 기재 국문 제목)	ZDM – Mathematics Education	https://doi.org/10.1007/s11858-026-01844-x	daily_2026-09-25.txt; monthly_report_2026-09.txt
Master 외	2026	성장마인드셋과 STEM 성차의 구조적 설명에 관한 두 사전등록 실험 (브리핑 기재 제목 없음)	Social Psychology of Education	https://link.springer.com/article/10.1007/s11218-026-10294-y	daily_2026-09-18.txt
Ouwehand, K., Mavilidi, M., Van Nooijen, C., Lindemann, O., de Koster, M., Schmidt, M., Zou, L., Yu, Q., De Koning, B. B., Paas, F.	2026	Brief moderate-intensity cycling, momentary nervousness, and mathematics performance in young adults	Frontiers in Psychology 17, 1824734	https://doi.org/10.3389/fpsyg.2026.1824734	clinic_weekly_vol02.txt
Osman Birgin, Kübra Uzun Yazıcı	2026	Effects of GeoGebra-supported instruction on eighth-grade students' engagement and mathematics anxiety	International Journal of Educational Research	https://doi.org/10.1016/j.ijer.2026.103051	daily_2026-09-07.txt
미상 (프리프린트)	2026	중학교 1학년 대수 학습에서 마음챙김형 대화 에이전트와 일반 교육형 에이전트 비교 (브리핑 기재 제목 없음)	arXiv 프리프린트	https://arxiv.org/abs/2609.02611	clinic_weekly_vol01.txt
Laurie Faith, Steven Reid	2026	Socially Shared Metacognition in De-Streamed Secondary Mathematics: Making Barriers and Strategies Visible	Canadian Journal of Science, Mathematics and Technology Education 26, article 89	https://doi.org/10.1007/s42330-026-00510-4	daily_2026-09-09.txt
Karina J. Wilkie, Louise M. Hodgson, Doug M. Clarke	2026	과제·수업실험에서 드러난 중등 수학교사의 집단적·개인적 정서 (브리핑 기재 국문 제목)	Journal of Mathematics Teacher Education	https://doi.org/10.1007/s10857-026-09774-x	daily_2026-09-30.txt
Roza Leikin, Roland H. Grabner, Stephan E. Vogel, Maayana Miskin 외	2026	Systematic survey of neurocognitive studies that examine connections between domain-general cognitive characteristics and mathematical processing	ZDM – Mathematics Education	https://doi.org/10.1007/s11858-026-01787-3	daily_2026-09-15.txt
박소희, 최인용	2026	시선추적을 활용한 초등학생의 그래프 이해 과제 해결 과정과 오류 유형 분석	수학교육 논문집 40(2), 387–414	DOI 미기재	daily_2026-09-14.txt
Slamet Arifin 외	2026	Development and validation of the mathematics anxiety questionnaire for primary school students	Discover Education	https://link.springer.com/article/10.1007/s44217-026-02093-6	daily_2026-09-07.txt
수학클리닉 위클리 브리핑	2026	수학클리닉 위클리 브리핑 Vol.02 · Vol.03 (반복측정과 기록 제안)	mckayclinic.kr	https://mckayclinic.kr/weekly.html	clinic_weekly_vol02.txt; clinic_weekly_vol03.txt
수학교육 월말 동향 보고서	2026	2026년 9월 수학교육 월말 동향 및 연구주제 보고서	월말 동향 보고서	-	monthly_report_2026-09.txt
