Digan S, Geiger V, Unshelm N, Siller H-S	2026	복합 데이터로 미디어 주장을 평가하는 중학생의 증거실천 모형 (Year 10 복합데이터 증거실천 6차원)	ZDM – Mathematics Education	https://doi.org/10.1007/s11858-026-01846-9	daily_2026-09-25.txt; monthly_report_2026-09.txt
Weiland T, Biehler R, Gal I, Pfannkuch M	2026	시민성을 위한 데이터 리터러시 개념화 (DataLitCit)	ZDM – Mathematics Education	DOI 원천 미기재 (2026-09-24 게재)	daily_2026-09-25.txt
Weiland T, de Oliveira Souza L, Zapata-Cardona L	2026	Conceptualizing critical data education	ZDM – Mathematics Education	https://doi.org/10.1007/s11858-026-01835-y	daily_2026-09-10.txt; daily_2026-09-11.txt; daily_2026-09-17.txt
St-Denis B, Rocchi M, Beaudry S, Lagacé M	2026	데이터 불안 척도 DAS-40 개발과 타당화	ZDM – Mathematics Education	https://doi.org/10.1007/s11858-026-01844-x	daily_2026-09-25.txt; monthly_report_2026-09.txt
Gómez-Blancarte AL	2026	RazonE: a digital didactic resource to enhance students' statistical reasoning in meaningful contexts	ZDM – Mathematics Education	DOI 원천 미확인 (2026-09-10 온라인 게재)	daily_2026-09-12.txt
Andersson CH, Björklund Boistrup L, Roos H, Sjöblom V 외	2026	Exploring student discourses on AI-informed citizenship in mathematics education	ZDM – Mathematics Education	https://doi.org/10.1007/s11858-026-01840-1	daily_2026-09-20.txt; daily_2026-09-22.txt; daily_2026-09-24.txt
Fernandes A, Weiland T, Simic-Muller K	2026	Investigating the role of simulation-based inference in fostering critical citizenship	ZDM – Mathematics Education	https://doi.org/10.1007/s11858-026-01839-8	daily_2026-09-21.txt; daily_2026-09-23.txt; daily_2026-09-24.txt; daily_2026-09-27.txt
Louie J, Chance B, Roy S, Fagan E, Stiles J 외	2026	Confronting social claims with data: secondary students' statistical arguments in a reform-oriented statistics learning environment	ZDM – Mathematics Education	https://doi.org/10.1007/s11858-026-01838-9	daily_2026-09-22.txt; daily_2026-09-24.txt
Gargroetzi EC, Peterson F, Hovermill J	2026	Relationality in civic data investigation: three cases of relational dilemmas	ZDM – Mathematics Education	https://doi.org/10.1007/s11858-026-01841-0	daily_2026-09-24.txt
Bailey NG, McCulloch AW	2026	Describing preservice secondary mathematics teachers' critical statistical literacy habits of mind enactment	ZDM – Mathematics Education	https://doi.org/10.1007/s11858-026-01836-x	daily_2026-09-16.txt; daily_2026-09-20.txt; monthly_report_2026-09.txt
Han S, Tak B (한수연 탁병주)	2026	Revisiting the models of statistical knowledge for teaching: What mathematics teachers need to know for K-12 data science education	Communications of the Korean Mathematical Society (대한수학회논문집) 41(3), 871-887	https://doi.org/10.4134/CKMS.c250391	daily_2026-09-02.txt; daily_2026-09-03.txt; daily_2026-09-04.txt; daily_2026-09-11.txt
Wilkerson MH, Shin JM, Ban SY	2026	Open science meets orange skies: K-12 educators' engagement with computational notebooks to explore scientific events with human impacts	ZDM – Mathematics Education	https://doi.org/10.1007/s11858-026-01798-0	daily_2026-09-29.txt
Sirock J, Bruckmaier G, Krauss S 외	2026	Preference for 2×2-Tables Versus Tree Diagrams in Risk Assessment: An Eye-Tracking Study	Journal für Mathematik-Didaktik	https://doi.org/10.1007/s13138-026-00276-0	daily_2026-09-06.txt
황채원, 김희정	2026	수학적 모델링-디지털 리터러시 분석틀을 활용한 중학교 1학년 통계 교과서 과제 분석	한국학교수학회논문집 29(2), 181-210	https://doi.org/10.30807/ksms.2026.29.2.003	daily_2026-09-09.txt
Branson, George	2026	Math for the People (사회정의 맥락 우선 양적문해 OER 파일럿)	Springer 학술지 (원천에 학술지명 미기재)	https://link.springer.com/article/10.1007/s44007-026-00239-4	daily_2026-09-18.txt
수학교육 연구·논문 데일리 브리핑	2026	9월 20일 브리핑 · AI-informed citizenship 4단계 수행과제 제안 (데이터→모델→오류/편향→사회적 의사결정)	원천 브리핑	-	daily_2026-09-20.txt
수학교육 월말 동향 보고서	2026	2026년 9월 수학교육 월말 동향 및 연구주제 보고서	원천 보고서	-	monthly_report_2026-09.txt
