Baart, H., Smit, J., Bakker, A., Blom, E.	2026	Translanguaging as a pedagogical approach in primary mathematics classrooms: a systematic review	Educational Studies in Mathematics	https://doi.org/10.1007/s10649-026-10552-y	daily_2026-09-14.txt
Davis, B., Heyd-Metzuyanim, E.	2026	서로 환원되지 않는 이론을 중첩 종합하는 방법	Educational Studies in Mathematics	DOI 원천 미기재	daily_2026-09-26.txt
Fernandes, A., Weiland, T., Simic-Muller, K.	2026	Investigating the role of simulation-based inference in fostering critical citizenship	ZDM – Mathematics Education	https://doi.org/10.1007/s11858-026-01839-8	daily_2026-09-24.txt; daily_2026-09-27.txt
Gao, H., Evans, T., Brown, G. T. L.	2026	The relations between motivation and mathematics achievement: a cross-cultural study of Asia-Pacific jurisdictions using TIMSS 2023 data	ZDM – Mathematics Education	https://doi.org/10.1007/s11858-026-01773-9	daily_2026-09-29.txt
Gervasoni, A., Roche, A., Kalogeropoulos, P., Downton, A.	2026	수학학습 곤란 초등학생 소집단 중재 38편 체계적 문헌고찰	Mathematics Education Research Journal	DOI 원천 미기재	daily_2026-09-26.txt
Herset, M., Bjerke, A. H.	2026	Level-marked tasks in lower secondary mathematics: the effect on girls’ and boys’ self-efficacy and performance	Educational Studies in Mathematics	https://doi.org/10.1007/s10649-026-10507-3	daily_2026-09-17.txt
Ibrahim, A. F. A., Shah, P.	2026	Math anxiety predicts initial acquisition of new math skills over and above math competence and study strategy	Frontiers in Psychology 17	https://doi.org/10.3389/fpsyg.2026.1829468	daily_2026-09-09.txt
Johnen, A., Kaiser, G., Rott, B., König, J. 외	2026	Comparing different pathways to primary mathematics teaching using teacher competence measurement of the TEDS research program	ZDM – Mathematics Education	https://doi.org/10.1007/s11858-026-01834-z	daily_2026-09-24.txt
Kul, Besalti, Çelik Demirci 외	2026	Examining the relationship between pre-service teachers’ TPACK and generative AI acceptance	Discover Education	https://doi.org/10.1007/s44217-026-01111-x	daily_2026-09-28.txt
Master, A. 외	2026	성장마인드셋·구조적 설명 사전등록 실험 두 편	Social Psychology of Education	https://link.springer.com/article/10.1007/s11218-026-10294-y	daily_2026-09-18.txt
Oreopoulos, P., Liut, M., Sungu, A., Low, N.	2026	Making AI Tutoring Productive: Evidence from a Mastery-Based Math Practice Experiment	NBER Working Paper 35621	https://doi.org/10.3386/w35621	daily_2026-09-04.txt
Pinilla, R. K., Prough, S., Wilhelm, A. G., Gibbons, L. K.	2026	교사가 혼자 볼 때와 함께 볼 때: 수업 noticing의 차이	Journal of Mathematics Teacher Education	https://doi.org/10.1007/s10857-026-09763-0	daily_2026-09-30.txt
St-Denis, B., Rocchi, M., Beaudry, S., Lagacé, M.	2026	데이터 불안 척도 DAS-40 개발과 타당화	ZDM – Mathematics Education	https://doi.org/10.1007/s11858-026-01844-x	daily_2026-09-25.txt; monthly_report_2026-09.txt
Säfström, A. I. 외	2026	학생의 창의적 수학추론을 살리는 진단–피드백 프레임워크 (S-CMR)	Educational Studies in Mathematics	DOI 원천 미기재	daily_2026-09-26.txt
Tang, H., Zhu, H., Yang, L., Zhang, Q. 외	2026	The role of technology in mathematics teacher noticing: an evolutionary review from video clubs to virtual classrooms	Journal of Mathematics Teacher Education	https://doi.org/10.1007/s10857-026-09772-z	daily_2026-09-16.txt
Weiland, T., de Oliveira Souza, L., Zapata-Cardona, L.	2026	Conceptualizing critical data education	ZDM – Mathematics Education	https://doi.org/10.1007/s11858-026-01835-y	daily_2026-09-17.txt
Xie, S., Fan, L., Chen, Q., Star, J. R.	2026	Investigating students’ opportunities to learn procedural flexibility: a comparative study of mathematics textbooks between the USA and China	Educational Studies in Mathematics	https://doi.org/10.1007/s10649-026-10558-6	daily_2026-09-24.txt
Stanford NSSA	2026	2025-26 snapshot of state tutoring policies	Stanford National Student Support Accelerator	https://nssa.stanford.edu/briefs/2025-26-snapshot-state-tutoring-policies	clinic_weekly_vol01.txt
